xCoord,yCoord
337,0.209048,-0.077398
295,0.082103,-0.721407
243,0.198165,-0.674646
91,-0.34866,0.035086
375,0.214726,0.183894
